Histogram,Texture,GLCM,RLM,Form,GLZSM
FrequencySize,ClusterProminence_AllDirection_offset1,GLCMEnergy_AllDirection_offset1,GreyLevelNonuniformity_AllDirection_offset1,Compactness1,SizeZoneVariability
MaxIntensity,ClusterProminence_AllDirection_offset1_SD,GLCMEnergy_AllDirection_offset1_SD,GreyLevelNonuniformity_AllDirection_offset1_SD,Compactness2,HighIntensityEmphasis
MeanDeviation,ClusterProminence_AllDirection_offset4,GLCMEnergy_AllDirection_offset4,GreyLevelNonuniformity_AllDirection_offset4,Maximum3DDiameter,HighIntensityLargeAreaEmphasis
MeanValue,ClusterProminence_AllDirection_offset4_SD,GLCMEnergy_AllDirection_offset4_SD,GreyLevelNonuniformity_AllDirection_offset4_SD,SphericalDisproportion,HighIntensitySmallAreaEmphasis
MedianIntensity,ClusterProminence_AllDirection_offset7,GLCMEnergy_AllDirection_offset7,GreyLevelNonuniformity_AllDirection_offset7,Sphericity,IntensityVariability
MinIntensity,ClusterProminence_AllDirection_offset7_SD,GLCMEnergy_AllDirection_offset7_SD,GreyLevelNonuniformity_AllDirection_offset7_SD,SurfaceArea,LargeAreaEmphasis
Percentile10,ClusterProminence_angle0_offset1,GLCMEnergy_angle0_offset1,GreyLevelNonuniformity_angle0_offset1,SurfaceVolumeRatio,LowIntensityEmphasis
Percentile15,ClusterProminence_angle0_offset4,GLCMEnergy_angle0_offset4,GreyLevelNonuniformity_angle0_offset4,VolumeCC,LowIntensityLargeAreaEmphasis
Percentile20,ClusterProminence_angle0_offset7,GLCMEnergy_angle0_offset7,GreyLevelNonuniformity_angle0_offset7,VolumeMM,LowIntensitySmallAreaEmphasis
Percentile25,ClusterProminence_angle135_offset1,GLCMEnergy_angle135_offset1,GreyLevelNonuniformity_angle135_offset1,,SmallAreaEmphasis
Percentile30,ClusterProminence_angle135_offset4,GLCMEnergy_angle135_offset4,GreyLevelNonuniformity_angle135_offset4,,ZonePercentage
Percentile35,ClusterProminence_angle135_offset7,GLCMEnergy_angle135_offset7,GreyLevelNonuniformity_angle135_offset7,,
Percentile40,ClusterProminence_angle45_offset1,GLCMEnergy_angle45_offset1,GreyLevelNonuniformity_angle45_offset1,,
Percentile45,ClusterProminence_angle45_offset4,GLCMEnergy_angle45_offset4,GreyLevelNonuniformity_angle45_offset4,,
Percentile5,ClusterProminence_angle45_offset7,GLCMEnergy_angle45_offset7,GreyLevelNonuniformity_angle45_offset7,,
Percentile50,ClusterProminence_angle90_offset1,GLCMEnergy_angle90_offset1,GreyLevelNonuniformity_angle90_offset1,,
Percentile55,ClusterProminence_angle90_offset4,GLCMEnergy_angle90_offset4,GreyLevelNonuniformity_angle90_offset4,,
Percentile60,ClusterProminence_angle90_offset7,GLCMEnergy_angle90_offset7,GreyLevelNonuniformity_angle90_offset7,,
Percentile65,ClusterShade_AllDirection_offset1,GLCMEntropy_AllDirection_offset1,HighGreyLevelRunEmphasis_AllDirection_offset1,,
Percentile70,ClusterShade_AllDirection_offset1_SD,GLCMEntropy_AllDirection_offset1_SD,HighGreyLevelRunEmphasis_AllDirection_offset1_SD,,
Percentile75,ClusterShade_AllDirection_offset4,GLCMEntropy_AllDirection_offset4,HighGreyLevelRunEmphasis_AllDirection_offset4,,
Percentile80,ClusterShade_AllDirection_offset4_SD,GLCMEntropy_AllDirection_offset4_SD,HighGreyLevelRunEmphasis_AllDirection_offset4_SD,,
Percentile85,ClusterShade_AllDirection_offset7,GLCMEntropy_AllDirection_offset7,HighGreyLevelRunEmphasis_AllDirection_offset7,,
Percentile90,ClusterShade_AllDirection_offset7_SD,GLCMEntropy_AllDirection_offset7_SD,HighGreyLevelRunEmphasis_AllDirection_offset7_SD,,
Percentile95,ClusterShade_angle0_offset1,GLCMEntropy_angle0_offset1,HighGreyLevelRunEmphasis_angle0_offset1,,
Quantile0.025,ClusterShade_angle0_offset4,GLCMEntropy_angle0_offset4,HighGreyLevelRunEmphasis_angle0_offset4,,
Quantile0.25,ClusterShade_angle0_offset7,GLCMEntropy_angle0_offset7,HighGreyLevelRunEmphasis_angle0_offset7,,
Quantile0.5,ClusterShade_angle135_offset1,GLCMEntropy_angle135_offset1,HighGreyLevelRunEmphasis_angle135_offset1,,
Quantile0.75,ClusterShade_angle135_offset4,GLCMEntropy_angle135_offset4,HighGreyLevelRunEmphasis_angle135_offset4,,
Quantile0.975,ClusterShade_angle135_offset7,GLCMEntropy_angle135_offset7,HighGreyLevelRunEmphasis_angle135_offset7,,
RMS,ClusterShade_angle45_offset1,GLCMEntropy_angle45_offset1,HighGreyLevelRunEmphasis_angle45_offset1,,
Range,ClusterShade_angle45_offset4,GLCMEntropy_angle45_offset4,HighGreyLevelRunEmphasis_angle45_offset4,,
Relat4eDeviation,ClusterShade_angle45_offset7,GLCMEntropy_angle45_offset7,HighGreyLevelRunEmphasis_angle45_offset7,,
Variance,ClusterShade_angle90_offset1,GLCMEntropy_angle90_offset1,HighGreyLevelRunEmphasis_angle90_offset1,,
VolumeCount,ClusterShade_angle90_offset4,GLCMEntropy_angle90_offset4,HighGreyLevelRunEmphasis_angle90_offset4,,
VoxelValueSum,ClusterShade_angle90_offset7,GLCMEntropy_angle90_offset7,HighGreyLevelRunEmphasis_angle90_offset7,,
histogramEnergy,Correlation_AllDirection_offset1,HaralickCorrelation_AllDirection_offset1,LongRunEmphasis_AllDirection_offset1,,
histogramEntropy,Correlation_AllDirection_offset1_SD,HaralickCorrelation_AllDirection_offset1_SD,LongRunEmphasis_AllDirection_offset1_SD,,
kurtosis,Correlation_AllDirection_offset4,HaralickCorrelation_AllDirection_offset4,LongRunEmphasis_AllDirection_offset4,,
skewness,Correlation_AllDirection_offset4_SD,HaralickCorrelation_AllDirection_offset4_SD,LongRunEmphasis_AllDirection_offset4_SD,,
stdDeviation,Correlation_AllDirection_offset7,HaralickCorrelation_AllDirection_offset7,LongRunEmphasis_AllDirection_offset7,,
uniformity,Correlation_AllDirection_offset7_SD,HaralickCorrelation_AllDirection_offset7_SD,LongRunEmphasis_AllDirection_offset7_SD,,
,Correlation_angle0_offset1,HaralickCorrelation_angle0_offset1,LongRunEmphasis_angle0_offset1,,
,Correlation_angle0_offset4,HaralickCorrelation_angle0_offset4,LongRunEmphasis_angle0_offset4,,
,Correlation_angle0_offset7,HaralickCorrelation_angle0_offset7,LongRunEmphasis_angle0_offset7,,
,Correlation_angle135_offset1,HaralickCorrelation_angle135_offset1,LongRunEmphasis_angle135_offset1,,
,Correlation_angle135_offset4,HaralickCorrelation_angle135_offset4,LongRunEmphasis_angle135_offset4,,
,Correlation_angle135_offset7,HaralickCorrelation_angle135_offset7,LongRunEmphasis_angle135_offset7,,
,Correlation_angle45_offset1,HaralickCorrelation_angle45_offset1,LongRunEmphasis_angle45_offset1,,
,Correlation_angle45_offset4,HaralickCorrelation_angle45_offset4,LongRunEmphasis_angle45_offset4,,
,Correlation_angle45_offset7,HaralickCorrelation_angle45_offset7,LongRunEmphasis_angle45_offset7,,
,Correlation_angle90_offset1,HaralickCorrelation_angle90_offset1,LongRunEmphasis_angle90_offset1,,
,Correlation_angle90_offset4,HaralickCorrelation_angle90_offset4,LongRunEmphasis_angle90_offset4,,
,Correlation_angle90_offset7,HaralickCorrelation_angle90_offset7,LongRunEmphasis_angle90_offset7,,
,Inertia_AllDirection_offset1,InverseDifferenceMoment_AllDirection_offset1,LongRunHighGreyLevelEmphasis_AllDirection_offset1,,
,Inertia_AllDirection_offset1_SD,InverseDifferenceMoment_AllDirection_offset1_SD,LongRunHighGreyLevelEmphasis_AllDirection_offset1_SD,,
,Inertia_AllDirection_offset4,InverseDifferenceMoment_AllDirection_offset4,LongRunHighGreyLevelEmphasis_AllDirection_offset4,,
,Inertia_AllDirection_offset4_SD,InverseDifferenceMoment_AllDirection_offset4_SD,LongRunHighGreyLevelEmphasis_AllDirection_offset4_SD,,
,Inertia_AllDirection_offset7,InverseDifferenceMoment_AllDirection_offset7,LongRunHighGreyLevelEmphasis_AllDirection_offset7,,
,Inertia_AllDirection_offset7_SD,InverseDifferenceMoment_AllDirection_offset7_SD,LongRunHighGreyLevelEmphasis_AllDirection_offset7_SD,,
,Inertia_angle0_offset1,InverseDifferenceMoment_angle0_offset1,LongRunHighGreyLevelEmphasis_angle0_offset1,,
,Inertia_angle0_offset4,InverseDifferenceMoment_angle0_offset4,LongRunHighGreyLevelEmphasis_angle0_offset4,,
,Inertia_angle0_offset7,InverseDifferenceMoment_angle0_offset7,LongRunHighGreyLevelEmphasis_angle0_offset7,,
,Inertia_angle135_offset1,InverseDifferenceMoment_angle135_offset1,LongRunHighGreyLevelEmphasis_angle135_offset1,,
,Inertia_angle135_offset4,InverseDifferenceMoment_angle135_offset4,LongRunHighGreyLevelEmphasis_angle135_offset4,,
,Inertia_angle135_offset7,InverseDifferenceMoment_angle135_offset7,LongRunHighGreyLevelEmphasis_angle135_offset7,,
,Inertia_angle45_offset1,InverseDifferenceMoment_angle45_offset1,LongRunHighGreyLevelEmphasis_angle45_offset1,,
,Inertia_angle45_offset4,InverseDifferenceMoment_angle45_offset4,LongRunHighGreyLevelEmphasis_angle45_offset4,,
,Inertia_angle45_offset7,InverseDifferenceMoment_angle45_offset7,LongRunHighGreyLevelEmphasis_angle45_offset7,,
,Inertia_angle90_offset1,InverseDifferenceMoment_angle90_offset1,LongRunHighGreyLevelEmphasis_angle90_offset1,,
,Inertia_angle90_offset4,InverseDifferenceMoment_angle90_offset4,LongRunHighGreyLevelEmphasis_angle90_offset4,,
,Inertia_angle90_offset7,InverseDifferenceMoment_angle90_offset7,LongRunHighGreyLevelEmphasis_angle90_offset7,,
,,AngularSecondMoment,LongRunLowGreyLevelEmphasis_AllDirection_offset1,,
,,HaraEntroy,LongRunLowGreyLevelEmphasis_AllDirection_offset1_SD,,
,,HaraVariance,LongRunLowGreyLevelEmphasis_AllDirection_offset4,,
,,contrast,LongRunLowGreyLevelEmphasis_AllDirection_offset4_SD,,
,,differenceEntropy,LongRunLowGreyLevelEmphasis_AllDirection_offset7,,
,,differenceVariance,LongRunLowGreyLevelEmphasis_AllDirection_offset7_SD,,
,,inverseDifferenceMoment,LongRunLowGreyLevelEmphasis_angle0_offset1,,
,,sumAverage,LongRunLowGreyLevelEmphasis_angle0_offset4,,
,,sumEntropy,LongRunLowGreyLevelEmphasis_angle0_offset7,,
,,sumVariance,LongRunLowGreyLevelEmphasis_angle135_offset1,,
,,,LongRunLowGreyLevelEmphasis_angle135_offset4,,
,,,LongRunLowGreyLevelEmphasis_angle135_offset7,,
,,,LongRunLowGreyLevelEmphasis_angle45_offset1,,
,,,LongRunLowGreyLevelEmphasis_angle45_offset4,,
,,,LongRunLowGreyLevelEmphasis_angle45_offset7,,
,,,LongRunLowGreyLevelEmphasis_angle90_offset1,,
,,,LongRunLowGreyLevelEmphasis_angle90_offset4,,
,,,LongRunLowGreyLevelEmphasis_angle90_offset7,,
,,,LowGreyLevelRunEmphasis_AllDirection_offset1,,
,,,LowGreyLevelRunEmphasis_AllDirection_offset1_SD,,
,,,LowGreyLevelRunEmphasis_AllDirection_offset4,,
,,,LowGreyLevelRunEmphasis_AllDirection_offset4_SD,,
,,,LowGreyLevelRunEmphasis_AllDirection_offset7,,
,,,LowGreyLevelRunEmphasis_AllDirection_offset7_SD,,
,,,LowGreyLevelRunEmphasis_angle0_offset1,,
,,,LowGreyLevelRunEmphasis_angle0_offset4,,
,,,LowGreyLevelRunEmphasis_angle0_offset7,,
,,,LowGreyLevelRunEmphasis_angle135_offset1,,
,,,LowGreyLevelRunEmphasis_angle135_offset4,,
,,,LowGreyLevelRunEmphasis_angle135_offset7,,
,,,LowGreyLevelRunEmphasis_angle45_offset1,,
,,,LowGreyLevelRunEmphasis_angle45_offset4,,
,,,LowGreyLevelRunEmphasis_angle45_offset7,,
,,,LowGreyLevelRunEmphasis_angle90_offset1,,
,,,LowGreyLevelRunEmphasis_angle90_offset4,,
,,,LowGreyLevelRunEmphasis_angle90_offset7,,
,,,RunLengthNonuniformity_AllDirection_offset1,,
,,,RunLengthNonuniformity_AllDirection_offset1_SD,,
,,,RunLengthNonuniformity_AllDirection_offset4,,
,,,RunLengthNonuniformity_AllDirection_offset4_SD,,
,,,RunLengthNonuniformity_AllDirection_offset7,,
,,,RunLengthNonuniformity_AllDirection_offset7_SD,,
,,,RunLengthNonuniformity_angle0_offset1,,
,,,RunLengthNonuniformity_angle0_offset4,,
,,,RunLengthNonuniformity_angle0_offset7,,
,,,RunLengthNonuniformity_angle135_offset1,,
,,,RunLengthNonuniformity_angle135_offset4,,
,,,RunLengthNonuniformity_angle135_offset7,,
,,,RunLengthNonuniformity_angle45_offset1,,
,,,RunLengthNonuniformity_angle45_offset4,,
,,,RunLengthNonuniformity_angle45_offset7,,
,,,RunLengthNonuniformity_angle90_offset1,,
,,,RunLengthNonuniformity_angle90_offset4,,
,,,RunLengthNonuniformity_angle90_offset7,,
,,,ShortRunEmphasis_AllDirection_offset1,,
,,,ShortRunEmphasis_AllDirection_offset1_SD,,
,,,ShortRunEmphasis_AllDirection_offset4,,
,,,ShortRunEmphasis_AllDirection_offset4_SD,,
,,,ShortRunEmphasis_AllDirection_offset7,,
,,,ShortRunEmphasis_AllDirection_offset7_SD,,
,,,ShortRunEmphasis_angle0_offset1,,
,,,ShortRunEmphasis_angle0_offset4,,
,,,ShortRunEmphasis_angle0_offset7,,
,,,ShortRunEmphasis_angle135_offset1,,
,,,ShortRunEmphasis_angle135_offset4,,
,,,ShortRunEmphasis_angle135_offset7,,
,,,ShortRunEmphasis_angle45_offset1,,
,,,ShortRunEmphasis_angle45_offset4,,
,,,ShortRunEmphasis_angle45_offset7,,
,,,ShortRunEmphasis_angle90_offset1,,
,,,ShortRunEmphasis_angle90_offset4,,
,,,ShortRunEmphasis_angle90_offset7,,
,,,ShortRunHighGreyLevelEmphasis_AllDirection_offset1,,
,,,ShortRunHighGreyLevelEmphasis_AllDirection_offset1_SD,,
,,,ShortRunHighGreyLevelEmphasis_AllDirection_offset4,,
,,,ShortRunHighGreyLevelEmphasis_AllDirection_offset4_SD,,
,,,ShortRunHighGreyLevelEmphasis_AllDirection_offset7,,
,,,ShortRunHighGreyLevelEmphasis_AllDirection_offset7_SD,,
,,,ShortRunHighGreyLevelEmphasis_angle0_offset1,,
,,,ShortRunHighGreyLevelEmphasis_angle0_offset4,,
,,,ShortRunHighGreyLevelEmphasis_angle0_offset7,,
,,,ShortRunHighGreyLevelEmphasis_angle135_offset1,,
,,,ShortRunHighGreyLevelEmphasis_angle135_offset4,,
,,,ShortRunHighGreyLevelEmphasis_angle135_offset7,,
,,,ShortRunHighGreyLevelEmphasis_angle45_offset1,,
,,,ShortRunHighGreyLevelEmphasis_angle45_offset4,,
,,,ShortRunHighGreyLevelEmphasis_angle45_offset7,,
,,,ShortRunHighGreyLevelEmphasis_angle90_offset1,,
,,,ShortRunHighGreyLevelEmphasis_angle90_offset4,,
,,,ShortRunHighGreyLevelEmphasis_angle90_offset7,,
,,,ShortRunLowGreyLevelEmphasis_AllDirection_offset1,,
,,,ShortRunLowGreyLevelEmphasis_AllDirection_offset1_SD,,
,,,ShortRunLowGreyLevelEmphasis_AllDirection_offset4,,
,,,ShortRunLowGreyLevelEmphasis_AllDirection_offset4_SD,,
,,,ShortRunLowGreyLevelEmphasis_AllDirection_offset7,,
,,,ShortRunLowGreyLevelEmphasis_AllDirection_offset7_SD,,
,,,ShortRunLowGreyLevelEmphasis_angle0_offset1,,
,,,ShortRunLowGreyLevelEmphasis_angle0_offset4,,
,,,ShortRunLowGreyLevelEmphasis_angle0_offset7,,
,,,ShortRunLowGreyLevelEmphasis_angle135_offset1,,
,,,ShortRunLowGreyLevelEmphasis_angle135_offset4,,
,,,ShortRunLowGreyLevelEmphasis_angle135_offset7,,
,,,ShortRunLowGreyLevelEmphasis_angle45_offset1,,
,,,ShortRunLowGreyLevelEmphasis_angle45_offset4,,
,,,ShortRunLowGreyLevelEmphasis_angle45_offset7,,
,,,ShortRunLowGreyLevelEmphasis_angle90_offset1,,
,,,ShortRunLowGreyLevelEmphasis_angle90_offset4,,
,,,ShortRunLowGreyLevelEmphasis_angle90_offset7,,
